"Guid","AL_Text_Rich_Custom_Any__c","AccountPicklist__c","AccountSource","AnnualRevenue","BillingCity","BillingCountry","BillingGeocodeAccuracy","BillingLatitude","BillingLongitude","BillingPostalCode","BillingState","BillingStreet","CHeckbox_new__c","CS_Picklist__c","Checkbox__c","Currency_test__c","Cust1__c","CustChekSchema__c","Custom_Field__c","Custom_text_F__c","Date_field__c","Description","Email_test__c","External_ID__c","Fax","Field_New_2__c","Geolocation__Latitude__s","Geolocation__Longitude__s","Industry","Jigsaw","Multipicklist__c","Name","Newemail_FIELD__c","NumberOfEmployees","Number_Any__c","Number_test__c","ParentId","Percent__c","Phone","Phone__c","PicKListASNaf__c","Pick_Simple__c","Pick__c","Picklist__c","SBQQ__AssetQuantitiesCombined__c","SBQQ__CoTermedContractsCombined__c","SBQQ__CoTerminationEvent__c","SBQQ__ContractCoTermination__c","SBQQ__IgnoreParentContractedPrices__c","SBQQ__PreserveBundle__c","SBQQ__PriceHoldEnd__c","SBQQ__RenewalModel__c","SBQQ__RenewalPricingMethod__c","SBQQ__TaxExempt__c","ShippingCity","ShippingCountry","ShippingGeocodeAccuracy","ShippingLatitude","ShippingLongitude","ShippingPostalCode","ShippingState","ShippingStreet","SicDesc","TestGeoLocation__Latitude__s","TestGeoLocation__Longitude__s","Test_Global_Picklist__c","Test_Multipicklist__c","Test_Picklist__c","TextFields2__c","Text_AL__c","Text_Area_Rich__c","Text_Area__c","Text_Encrypted__c","Text_are_long__c","Text_long__c","Textfield__c","This_is_a_checkbox__c","Time__c","Type","URL__c","Website","new_cust__c","pick1__c"
12865231-a8ec-423d-9896-e4963540d2c4,"#N/A",A,"#N/A","#N/A","#N/A","#N/A","#N/A","#N/A","#N/A","#N/A",UK,"Kings Park, 17th Avenue, Team Valley Trading Estate,
Gateshead, Tyne and Wear NE26 3HS
United Kingdom",false,"#N/A",false,"#N/A","#N/A",false,"#N/A","#N/A","#N/A","#N/A","#N/A","#N/A",+44 191 4956620,"#N/A","#N/A","#N/A",Energy,"#N/A",Not Started,"United Oil & Gas, UK","#N/A",24000,"#N/A","#N/A","#N/A","#N/A",+44 191 4956203,"#N/A","#N/A","#N/A","#N/A","#N/A",false,false,"#N/A",Never,false,true,"#N/A",Contract Based,Same,No,"#N/A","#N/A","#N/A","#N/A","#N/A","#N/A","#N/A","Kings Park, 17th Avenue, Team Valley Trading Estate,
Gateshead, Tyne and Wear NE26 3HS
United Kingdom","#N/A","#N/A","#N/A",A,"#N/A","#N/A","#N/A","#N/A","#N/A","#N/A","#N/A","#N/A","#N/A","#N/A",false,"#N/A",Customer - Direct,"#N/A",http://www.uos.com,false,"#N/A"
13f3f9c3-b9ea-40a0-922b-bb33fbe203c6,"#N/A",A,"#N/A","#N/A","#N/A","#N/A","#N/A","#N/A","#N/A","#N/A","#N/A","#N/A",false,"#N/A",false,"#N/A","#N/A",false,"#N/A","#N/A","#N/A","#N/A","#N/A","#N/A","#N/A","#N/A","#N/A","#N/A",Banking,"#N/A","#N/A",Account_jbGpP,"#N/A",124,"#N/A","#N/A","#N/A","#N/A",3290239053,"#N/A","#N/A","#N/A","#N/A","#N/A",false,false,"#N/A",Never,false,true,"#N/A",Contract Based,Same,No,"#N/A","#N/A","#N/A","#N/A","#N/A","#N/A","#N/A","#N/A","#N/A","#N/A","#N/A",A,"#N/A","#N/A","#N/A","#N/A","#N/A","#N/A","#N/A","#N/A","#N/A","#N/A",false,"#N/A","#N/A","#N/A",cuisn.salesforce.com,false,"#N/A"
18733bb5-d121-4e69-aeaf-a70521a87a4e,"#N/A",A,"#N/A",3.5E8,Burlington,USA,"#N/A","#N/A","#N/A",27215,NC,525 S. Lexington Ave,false,"#N/A",false,"#N/A","#N/A",false,"#N/A","#N/A","#N/A","#N/A","#N/A","#N/A",(336) 222-8000,"#N/A","#N/A","#N/A",Apparel,"#N/A",Not Started,Burlington Textiles Corp of America,"#N/A",9000,"#N/A","#N/A","#N/A","#N/A",(336) 222-7000,"#N/A","#N/A","#N/A","#N/A","#N/A",false,false,"#N/A",Never,false,true,"#N/A",Contract Based,Same,No,"#N/A","#N/A","#N/A","#N/A","#N/A","#N/A","#N/A","#N/A","#N/A","#N/A","#N/A",A,"#N/A","#N/A","#N/A","#N/A","#N/A","#N/A","#N/A","#N/A","#N/A","#N/A",false,"#N/A",Customer - Direct,"#N/A",www.burlington.com,false,"#N/A"
20b0aadf-d8f0-4b06-a8e2-e68dcdbb3d3e,"#N/A",A,"#N/A","#N/A","#N/A","#N/A","#N/A","#N/A","#N/A","#N/A","#N/A","#N/A",false,"#N/A",false,"#N/A","#N/A",false,"#N/A","#N/A","#N/A","#N/A","#N/A","#N/A","#N/A","#N/A","#N/A","#N/A",Banking,"#N/A","#N/A",Account_YTWkW,"#N/A",963,"#N/A","#N/A","#N/A","#N/A",9069310329,"#N/A","#N/A","#N/A","#N/A","#N/A",false,false,"#N/A",Never,false,true,"#N/A",Contract Based,Same,No,"#N/A","#N/A","#N/A","#N/A","#N/A","#N/A","#N/A","#N/A","#N/A","#N/A","#N/A",A,"#N/A","#N/A","#N/A","#N/A","#N/A","#N/A","#N/A","#N/A","#N/A","#N/A",false,"#N/A","#N/A","#N/A",ojmwu.salesforce.com,false,"#N/A"
2b5d4396-e513-4f21-9a5a-b1981201eb4e,"#N/A",A,"#N/A","#N/A","#N/A","#N/A","#N/A","#N/A","#N/A","#N/A","#N/A","#N/A",false,"#N/A",false,"#N/A","#N/A",false,"#N/A","#N/A","#N/A","#N/A","#N/A","#N/A","#N/A","#N/A","#N/A","#N/A",Banking,"#N/A","#N/A",Account_CRLIM,"#N/A",294,"#N/A","#N/A","#N/A","#N/A",7673996138,"#N/A","#N/A","#N/A","#N/A","#N/A",false,false,"#N/A",Never,false,true,"#N/A",Contract Based,Same,No,"#N/A","#N/A","#N/A","#N/A","#N/A","#N/A","#N/A","#N/A","#N/A","#N/A","#N/A",A,"#N/A","#N/A","#N/A","#N/A","#N/A","#N/A","#N/A","#N/A","#N/A","#N/A",false,"#N/A","#N/A","#N/A",skdzx.salesforce.com,false,"#N/A"
35d60e23-da77-4703-94e6-b82d0488b714,"#N/A",A,"#N/A","#N/A","#N/A","#N/A","#N/A","#N/A","#N/A","#N/A","#N/A","#N/A",false,"#N/A",false,"#N/A","#N/A",false,"#N/A","#N/A","#N/A","#N/A","#N/A","#N/A","#N/A","#N/A","#N/A","#N/A",Banking,"#N/A","#N/A",Account_QFxFJ,"#N/A",239,"#N/A","#N/A","#N/A","#N/A",3485654509,"#N/A","#N/A","#N/A","#N/A","#N/A",false,false,"#N/A",Never,false,true,"#N/A",Contract Based,Same,No,"#N/A","#N/A","#N/A","#N/A","#N/A","#N/A","#N/A","#N/A","#N/A","#N/A","#N/A",A,"#N/A","#N/A","#N/A","#N/A","#N/A","#N/A","#N/A","#N/A","#N/A","#N/A",false,"#N/A","#N/A","#N/A",aelix.salesforce.com,false,"#N/A"
3b4d9b02-55a3-4ba6-875b-dfa871b24680,"#N/A",A,"#N/A","#N/A","#N/A","#N/A","#N/A","#N/A","#N/A","#N/A","#N/A","#N/A",false,"#N/A",false,"#N/A","#N/A",false,"#N/A","#N/A","#N/A","#N/A","#N/A","#N/A","#N/A","#N/A","#N/A","#N/A",Banking,"#N/A","#N/A",Account_Vuccd,"#N/A",70,"#N/A","#N/A","#N/A","#N/A",3228256945,"#N/A","#N/A","#N/A","#N/A","#N/A",false,false,"#N/A",Never,false,true,"#N/A",Contract Based,Same,No,"#N/A","#N/A","#N/A","#N/A","#N/A","#N/A","#N/A","#N/A","#N/A","#N/A","#N/A",A,"#N/A","#N/A","#N/A","#N/A","#N/A","#N/A","#N/A","#N/A","#N/A","#N/A",false,"#N/A","#N/A","#N/A",bouhm.salesforce.com,false,"#N/A"
49f9523c-2bd2-45f0-b5de-957699fa916d,"#N/A",A,"#N/A","#N/A","#N/A","#N/A","#N/A","#N/A","#N/A","#N/A","#N/A","#N/A",false,"#N/A",false,"#N/A","#N/A",false,"#N/A","#N/A","#N/A","#N/A","#N/A","#N/A","#N/A","#N/A","#N/A","#N/A",Banking,"#N/A","#N/A",Account_RDluE,"#N/A",278,"#N/A","#N/A","#N/A","#N/A",8039500091,"#N/A","#N/A","#N/A","#N/A","#N/A",false,false,"#N/A",Never,false,true,"#N/A",Contract Based,Same,No,"#N/A","#N/A","#N/A","#N/A","#N/A","#N/A","#N/A","#N/A","#N/A","#N/A","#N/A",A,"#N/A","#N/A","#N/A","#N/A","#N/A","#N/A","#N/A","#N/A","#N/A","#N/A",false,"#N/A","#N/A","#N/A",yswge.salesforce.com,false,"#N/A"
4e127d00-691f-49e6-91f5-77860ec75d3e,"#N/A",A,"#N/A","#N/A","#N/A","#N/A","#N/A","#N/A","#N/A","#N/A","#N/A","#N/A",false,"#N/A",false,"#N/A","#N/A",false,"#N/A","#N/A","#N/A","#N/A","#N/A","#N/A","#N/A","#N/A","#N/A","#N/A","#N/A","#N/A","#N/A",Account update,"#N/A","#N/A","#N/A","#N/A","#N/A","#N/A","#N/A","#N/A","#N/A","#N/A","#N/A","#N/A",false,false,"#N/A",Never,false,true,"#N/A",Contract Based,Same,No,"#N/A","#N/A","#N/A","#N/A","#N/A","#N/A","#N/A","#N/A","#N/A","#N/A","#N/A",A,"#N/A","#N/A","#N/A","#N/A","#N/A","#N/A","#N/A","#N/A","#N/A",Account 2,false,"#N/A","#N/A","#N/A","#N/A",false,"#N/A"
4e64a697-c7eb-4f6d-9586-7d4f26f13826,"#N/A",A,"#N/A","#N/A","#N/A","#N/A","#N/A","#N/A","#N/A","#N/A","#N/A","#N/A",false,"#N/A",false,"#N/A","#N/A",false,"#N/A","#N/A","#N/A","#N/A","#N/A","#N/A","#N/A","#N/A","#N/A","#N/A","#N/A","#N/A","#N/A",SkipUpdateTest,"#N/A","#N/A","#N/A","#N/A","#N/A","#N/A","#N/A","#N/A","#N/A","#N/A","#N/A","#N/A",false,false,"#N/A",Never,false,true,"#N/A",Contract Based,Same,No,"#N/A","#N/A","#N/A","#N/A","#N/A","#N/A","#N/A","#N/A","#N/A","#N/A","#N/A",A,"#N/A","#N/A","#N/A","#N/A","#N/A","#N/A","#N/A","#N/A","#N/A","#N/A",false,"#N/A","#N/A","#N/A","#N/A",false,"#N/A"
515659ed-e429-45a1-930e-5dfd9ce82277,"#N/A",A,"#N/A","#N/A","#N/A","#N/A","#N/A","#N/A","#N/A","#N/A","#N/A","#N/A",false,"#N/A",false,"#N/A","#N/A",false,"#N/A","#N/A","#N/A","#N/A","#N/A","#N/A","#N/A","#N/A","#N/A","#N/A",Banking,"#N/A","#N/A",Account_KEHCB,"#N/A",23,"#N/A","#N/A","#N/A","#N/A",7027209479,"#N/A","#N/A","#N/A","#N/A","#N/A",false,false,"#N/A",Never,false,true,"#N/A",Contract Based,Same,No,"#N/A","#N/A","#N/A","#N/A","#N/A","#N/A","#N/A","#N/A","#N/A","#N/A","#N/A",A,"#N/A","#N/A","#N/A","#N/A","#N/A","#N/A","#N/A","#N/A","#N/A","#N/A",false,"#N/A","#N/A","#N/A",hzrvw.salesforce.com,false,"#N/A"
5781047a-eb8f-4684-bc8b-e99fa0b59bef,"#N/A",A,"#N/A",1.0E8,New York,USA,"#N/A","#N/A","#N/A",31349,NY,10 Main Rd.,false,"#N/A",false,"#N/A","#N/A",false,"#N/A","#N/A","#N/A","#N/A","#N/A","#N/A",(212) 555-5555,"#N/A","#N/A","#N/A",Manufacturing,"#N/A","#N/A",Acme,"#N/A",680,"#N/A","#N/A","#N/A","#N/A",(212) 555-5555,"#N/A","#N/A","#N/A","#N/A","#N/A",false,false,"#N/A","#N/A",false,false,"#N/A","#N/A","#N/A","#N/A",New York,USA,"#N/A","#N/A","#N/A",31349,NY,10 Main Rd.,"#N/A","#N/A","#N/A",A,"#N/A","#N/A","#N/A","#N/A","#N/A","#N/A","#N/A","#N/A","#N/A","#N/A",false,"#N/A",Prospect,"#N/A","#N/A",false,"#N/A"
5b8cf414-7814-4a0a-b76c-a43dc84f0a95,"#N/A",A,"#N/A","#N/A","#N/A","#N/A","#N/A","#N/A","#N/A","#N/A","#N/A","#N/A",false,"#N/A",false,"#N/A","#N/A",false,"#N/A","#N/A","#N/A","#N/A","#N/A","#N/A","#N/A","#N/A","#N/A","#N/A",Banking,"#N/A","#N/A",Account_EZbgh,"#N/A",117,"#N/A","#N/A","#N/A","#N/A",4147347462,"#N/A","#N/A","#N/A","#N/A","#N/A",false,false,"#N/A",Never,false,true,"#N/A",Contract Based,Same,No,"#N/A","#N/A","#N/A","#N/A","#N/A","#N/A","#N/A","#N/A","#N/A","#N/A","#N/A",A,"#N/A","#N/A","#N/A","#N/A","#N/A","#N/A","#N/A","#N/A","#N/A","#N/A",false,"#N/A","#N/A","#N/A",cadly.salesforce.com,false,"#N/A"
5e2729fd-3cd7-45bd-8792-57d77c58098d,"#N/A",A,"#N/A","#N/A","#N/A","#N/A","#N/A","#N/A","#N/A","#N/A","#N/A","#N/A",false,"#N/A",false,"#N/A","#N/A",false,"#N/A","#N/A","#N/A","#N/A","#N/A","#N/A","#N/A","#N/A","#N/A","#N/A",Banking,"#N/A","#N/A",Account_TFEyD,"#N/A",137,"#N/A","#N/A","#N/A","#N/A",7998919891,"#N/A","#N/A","#N/A","#N/A","#N/A",false,false,"#N/A",Never,false,true,"#N/A",Contract Based,Same,No,"#N/A","#N/A","#N/A","#N/A","#N/A","#N/A","#N/A","#N/A","#N/A","#N/A","#N/A",A,"#N/A","#N/A","#N/A","#N/A","#N/A","#N/A","#N/A","#N/A","#N/A","#N/A",false,"#N/A","#N/A","#N/A",ccjyd.salesforce.com,false,"#N/A"
72ba6418-1b02-4d27-aed9-8a1df22c9f70,"#N/A",A,"#N/A","#N/A","#N/A","#N/A","#N/A","#N/A","#N/A","#N/A","#N/A","#N/A",false,"#N/A",false,"#N/A","#N/A",false,"#N/A","#N/A","#N/A","#N/A","#N/A","#N/A","#N/A","#N/A","#N/A","#N/A","#N/A","#N/A","#N/A",6666,"#N/A","#N/A","#N/A","#N/A","#N/A","#N/A","#N/A","#N/A","#N/A","#N/A","#N/A","#N/A",false,false,"#N/A",Never,false,true,"#N/A","#N/A",Same,No,"#N/A","#N/A","#N/A","#N/A","#N/A","#N/A","#N/A","#N/A","#N/A","#N/A","#N/A",A,"#N/A","#N/A","#N/A","#N/A","#N/A","#N/A","#N/A","#N/A","#N/A","#N/A",false,"#N/A","#N/A","#N/A","#N/A",false,"#N/A"
85595ba5-2cc1-4ff2-bde2-01d0ce3e3d28,"#N/A",A,"#N/A","#N/A","#N/A","#N/A","#N/A","#N/A","#N/A","#N/A","#N/A","#N/A",false,"#N/A",false,"#N/A","#N/A",false,"#N/A","#N/A","#N/A","#N/A","#N/A","#N/A","#N/A","#N/A","#N/A","#N/A","#N/A","#N/A","#N/A",Account updated Regression,"#N/A","#N/A","#N/A","#N/A","#N/A","#N/A","#N/A","#N/A","#N/A","#N/A","#N/A","#N/A",false,false,"#N/A",Never,false,true,"#N/A","#N/A",Same,No,"#N/A","#N/A","#N/A","#N/A","#N/A","#N/A","#N/A","#N/A","#N/A","#N/A","#N/A",A,"#N/A","#N/A","#N/A","#N/A","#N/A","#N/A","#N/A","#N/A","#N/A",Account 2,false,"#N/A","#N/A","#N/A","#N/A",false,"#N/A"
85a05190-41ab-4acc-9be1-71cce38e4aed,"#N/A",A,"#N/A","#N/A","#N/A","#N/A","#N/A","#N/A","#N/A","#N/A","#N/A","#N/A",false,"#N/A",false,"#N/A","#N/A",false,"#N/A","#N/A","#N/A","#N/A","#N/A","#N/A","#N/A","#N/A","#N/A","#N/A",Banking,"#N/A","#N/A",Account_HyubU,"#N/A",511,"#N/A","#N/A","#N/A","#N/A",0349634661,"#N/A","#N/A","#N/A","#N/A","#N/A",false,false,"#N/A",Never,false,true,"#N/A",Contract Based,Same,No,"#N/A","#N/A","#N/A","#N/A","#N/A","#N/A","#N/A","#N/A","#N/A","#N/A","#N/A",A,"#N/A","#N/A","#N/A","#N/A","#N/A","#N/A","#N/A","#N/A","#N/A","#N/A",false,"#N/A","#N/A","#N/A",coxsl.salesforce.com,false,"#N/A"
87bbd54e-1d17-4ac5-9219-89599ea0227d,"#N/A",A,"#N/A","#N/A","#N/A","#N/A","#N/A","#N/A","#N/A","#N/A","#N/A","#N/A",false,"#N/A",false,"#N/A","#N/A",false,"#N/A","#N/A","#N/A","#N/A","#N/A","#N/A","#N/A","#N/A","#N/A","#N/A",Banking,"#N/A","#N/A",Account_EOqHT,"#N/A",345,"#N/A","#N/A","#N/A","#N/A",2797848090,"#N/A","#N/A","#N/A","#N/A","#N/A",false,false,"#N/A",Never,false,true,"#N/A",Contract Based,Same,No,"#N/A","#N/A","#N/A","#N/A","#N/A","#N/A","#N/A","#N/A","#N/A","#N/A","#N/A",A,"#N/A","#N/A","#N/A","#N/A","#N/A","#N/A","#N/A","#N/A","#N/A","#N/A",false,"#N/A","#N/A","#N/A",cwyzb.salesforce.com,false,"#N/A"
89d5f8df-9baf-47e4-bb1f-be5583eb3555,"#N/A",A,"#N/A","#N/A","#N/A","#N/A","#N/A","#N/A","#N/A","#N/A","#N/A","#N/A",false,"#N/A",false,"#N/A","#N/A",false,"#N/A","#N/A","#N/A","#N/A","#N/A","#N/A","#N/A","#N/A","#N/A","#N/A","#N/A","#N/A","#N/A",Account X,"#N/A","#N/A","#N/A","#N/A","#N/A","#N/A","#N/A","#N/A","#N/A","#N/A","#N/A","#N/A",false,false,"#N/A",Never,false,true,"#N/A",Contract Based,Same,No,"#N/A","#N/A","#N/A","#N/A","#N/A","#N/A","#N/A","#N/A","#N/A","#N/A","#N/A",A,"#N/A","#N/A","#N/A","#N/A","#N/A","#N/A","#N/A","#N/A","#N/A","#N/A",false,"#N/A","#N/A","#N/A","#N/A",false,"#N/A"
948d6b47-c68c-4c02-8959-47e76a8f918c,"#N/A",A,"#N/A",5.6E9,New York,"#N/A","#N/A","#N/A","#N/A","#N/A",NY,"1301 Avenue of the Americas 
New York, NY 10019
USA",false,"#N/A",false,"#N/A","#N/A",false,"#N/A","#N/A","#N/A",World's third largest oil and gas company.,"#N/A","#N/A",(212) 842-5501,"#N/A","#N/A","#N/A",Energy,"#N/A",Not Started,United Oil & Gas Corp.,"#N/A",145000,"#N/A","#N/A","#N/A","#N/A",(212) 842-5500,"#N/A","#N/A","#N/A","#N/A","#N/A",false,false,"#N/A",Never,false,true,"#N/A",Contract Based,Same,No,"#N/A","#N/A","#N/A","#N/A","#N/A","#N/A","#N/A","1301 Avenue of the Americas 
New York, NY 10019
USA","#N/A","#N/A","#N/A",A,"#N/A","#N/A","#N/A","#N/A","#N/A","#N/A","#N/A","#N/A","#N/A","#N/A",false,"#N/A",Customer - Direct,"#N/A",http://www.uos.com,false,"#N/A"
96dcca9a-fa94-44aa-8d10-e2db9f478b86,"#N/A",A,"#N/A","#N/A","#N/A","#N/A","#N/A","#N/A","#N/A","#N/A","#N/A","#N/A",false,"#N/A",false,"#N/A","#N/A",false,"#N/A","#N/A","#N/A","#N/A","#N/A","#N/A","#N/A","#N/A","#N/A","#N/A",Banking,"#N/A","#N/A",Account_rEkin,"#N/A",580,"#N/A","#N/A","#N/A","#N/A",2357927136,"#N/A","#N/A","#N/A","#N/A","#N/A",false,false,"#N/A",Never,false,true,"#N/A",Contract Based,Same,No,"#N/A","#N/A","#N/A","#N/A","#N/A","#N/A","#N/A","#N/A","#N/A","#N/A","#N/A",A,"#N/A","#N/A","#N/A","#N/A","#N/A","#N/A","#N/A","#N/A","#N/A","#N/A",false,"#N/A","#N/A","#N/A",xfuhy.salesforce.com,false,"#N/A"
9fbadfba-fa4d-4d12-a87a-e74f97b12906,"#N/A",A,"#N/A","#N/A",Tucson,"#N/A","#N/A","#N/A","#N/A","#N/A",AZ,"888 N Euclid 
Hallis Center, Room 501
Tucson, AZ 85721
United States",false,"#N/A",false,"#N/A","#N/A",false,"#N/A","#N/A","#N/A","Leading university in AZ offering undergraduate and graduate programs in arts and humanities, pure sciences, engineering, business, and medicine.","#N/A","#N/A",(520) 773-9060,"#N/A","#N/A","#N/A",Education,"#N/A",Not Started,University of Arizona,"#N/A",39000,"#N/A","#N/A","#N/A","#N/A",(520) 773-9050,"#N/A","#N/A","#N/A","#N/A","#N/A",false,false,"#N/A",Never,false,true,"#N/A",Contract Based,Same,No,"#N/A","#N/A","#N/A","#N/A","#N/A","#N/A","#N/A","888 N Euclid 
Hallis Center, Room 501
Tucson, AZ 85721
United States","#N/A","#N/A","#N/A",A,"#N/A","#N/A","#N/A","#N/A","#N/A","#N/A","#N/A","#N/A","#N/A","#N/A",false,"#N/A",Customer - Direct,"#N/A",www.universityofarizona.com,false,"#N/A"
9fd84583-ab10-4902-ab2e-deb96ab36abc,"#N/A",A,"#N/A","#N/A","#N/A","#N/A","#N/A","#N/A","#N/A","#N/A","#N/A","#N/A",false,"#N/A",false,"#N/A","#N/A",false,"#N/A","#N/A","#N/A","#N/A","#N/A","#N/A","#N/A","#N/A","#N/A","#N/A",Banking,"#N/A","#N/A",Account_SalmY,"#N/A",177,"#N/A","#N/A","#N/A","#N/A",8896443569,"#N/A","#N/A","#N/A","#N/A","#N/A",false,false,"#N/A",Never,false,true,"#N/A",Contract Based,Same,No,"#N/A","#N/A","#N/A","#N/A","#N/A","#N/A","#N/A","#N/A","#N/A","#N/A","#N/A",A,"#N/A","#N/A","#N/A","#N/A","#N/A","#N/A","#N/A","#N/A","#N/A","#N/A",false,"#N/A","#N/A","#N/A",oahag.salesforce.com,false,"#N/A"
a4b08c96-ff2a-4c95-ada6-87f85d811fb5,"#N/A",A,"#N/A","#N/A","#N/A","#N/A","#N/A","#N/A","#N/A","#N/A","#N/A","#N/A",false,"#N/A",false,"#N/A","#N/A",false,"#N/A","#N/A","#N/A","#N/A","#N/A","#N/A","#N/A","#N/A","#N/A","#N/A",Banking,"#N/A","#N/A",Account_vmUcC,"#N/A",715,"#N/A","#N/A","#N/A","#N/A",3698110228,"#N/A","#N/A","#N/A","#N/A","#N/A",false,false,"#N/A",Never,false,true,"#N/A",Contract Based,Same,No,"#N/A","#N/A","#N/A","#N/A","#N/A","#N/A","#N/A","#N/A","#N/A","#N/A","#N/A",A,"#N/A","#N/A","#N/A","#N/A","#N/A","#N/A","#N/A","#N/A","#N/A","#N/A",false,"#N/A","#N/A","#N/A",rfhpc.salesforce.com,false,"#N/A"
a65597ac-ef88-42fe-b562-7309d8d98965,"#N/A",A,"#N/A","#N/A","#N/A",United States,"#N/A","#N/A","#N/A","#N/A","#N/A","#N/A",false,"#N/A",false,"#N/A","#N/A",false,"#N/A","#N/A","#N/A","#N/A","#N/A","#N/A","#N/A","#N/A","#N/A","#N/A","#N/A","#N/A","#N/A",123,"#N/A","#N/A","#N/A","#N/A","#N/A","#N/A","#N/A","#N/A","#N/A","#N/A","#N/A","#N/A",false,false,"#N/A",Never,false,true,"#N/A","#N/A",Same,No,"#N/A","#N/A","#N/A","#N/A","#N/A","#N/A","#N/A","#N/A","#N/A","#N/A","#N/A",A,"#N/A","#N/A","#N/A","#N/A","#N/A","#N/A","#N/A","#N/A","#N/A","#N/A",false,"#N/A","#N/A","#N/A","#N/A",false,"#N/A"
a67da129-2da6-4f25-a6ef-9e75713889d7,"#N/A",A,"#N/A",3.0E7,Mountain View,"#N/A","#N/A","#N/A","#N/A","#N/A",CA,"345 Shoreline Park
Mountain View, CA 94043
USA",false,"#N/A",false,"#N/A","#N/A",false,"#N/A","#N/A","#N/A",Genomics company engaged in mapping and sequencing of the human genome and developing gene-based drugs,"#N/A","#N/A",(650) 867-9895,"#N/A","#N/A","#N/A",Biotechnology,"#N/A",Not Started,GenePoint,"#N/A",265,"#N/A","#N/A","#N/A","#N/A",(650) 867-3450,"#N/A","#N/A","#N/A","#N/A","#N/A",false,false,"#N/A",Never,false,true,"#N/A",Contract Based,Same,No,"#N/A","#N/A","#N/A","#N/A","#N/A","#N/A","#N/A","345 Shoreline Park
Mountain View, CA 94043
USA","#N/A","#N/A","#N/A",A,"#N/A","#N/A","#N/A","#N/A","#N/A","#N/A","#N/A","#N/A","#N/A","#N/A",false,"#N/A",Customer - Channel,"#N/A",www.genepoint.com,false,"#N/A"
af879499-e111-4097-9bf0-bda2e16d767f,"#N/A",A,"#N/A","#N/A","#N/A","#N/A","#N/A","#N/A","#N/A","#N/A","#N/A","#N/A",false,"#N/A",false,"#N/A","#N/A",false,"#N/A","#N/A","#N/A","#N/A","#N/A","#N/A","#N/A","#N/A","#N/A","#N/A",Banking,"#N/A","#N/A",Account_KKMNa,"#N/A",568,"#N/A","#N/A","#N/A","#N/A",2226010893,"#N/A","#N/A","#N/A","#N/A","#N/A",false,false,"#N/A",Never,false,true,"#N/A",Contract Based,Same,No,"#N/A","#N/A","#N/A","#N/A","#N/A","#N/A","#N/A","#N/A","#N/A","#N/A","#N/A",A,"#N/A","#N/A","#N/A","#N/A","#N/A","#N/A","#N/A","#N/A","#N/A","#N/A",false,"#N/A","#N/A","#N/A",vsznq.salesforce.com,false,"#N/A"
b102d926-c094-4794-a0de-0087636842ad,"#N/A",A,"#N/A","#N/A","#N/A","#N/A","#N/A","#N/A","#N/A","#N/A","#N/A","#N/A",false,"#N/A",false,"#N/A","#N/A",false,"#N/A","#N/A","#N/A","#N/A","#N/A","#N/A","#N/A","#N/A","#N/A","#N/A","#N/A","#N/A","#N/A",VD1,"#N/A","#N/A","#N/A","#N/A","#N/A","#N/A","#N/A","#N/A","#N/A","#N/A","#N/A","#N/A",false,false,"#N/A",Never,false,false,"#N/A","#N/A",Same,No,"#N/A","#N/A","#N/A","#N/A","#N/A","#N/A","#N/A","#N/A","#N/A","#N/A","#N/A",A,"#N/A","#N/A","#N/A","#N/A","#N/A","#N/A","#N/A","#N/A","#N/A","#N/A",false,"#N/A","#N/A","#N/A","#N/A",false,"#N/A"
b73175d9-55d7-4ae0-85b2-4958d48ca836,"#N/A",A,"#N/A",5.0E8,Chicago,"#N/A","#N/A","#N/A","#N/A","#N/A",IL,"2334 N. Michigan Avenue, Suite 1500
Chicago, IL 60601, USA",false,"#N/A",false,"#N/A","#N/A",false,"#N/A","#N/A","#N/A","Chain of hotels and resorts across the US, UK, Eastern Europe, Japan, and SE Asia.","#N/A","#N/A",(312) 596-1500,"#N/A","#N/A","#N/A",Hospitality,"#N/A",Not Started,Grand Hotels & Resorts Ltd,"#N/A",5600,"#N/A","#N/A","#N/A","#N/A",(312) 596-1000,"#N/A","#N/A","#N/A","#N/A","#N/A",false,false,"#N/A",Never,false,true,"#N/A",Contract Based,Same,No,"#N/A","#N/A","#N/A","#N/A","#N/A","#N/A","#N/A","2334 N. Michigan Avenue, Suite 1500
Chicago, IL 60601, USA","#N/A","#N/A","#N/A",A,"#N/A","#N/A","#N/A","#N/A","#N/A","#N/A","#N/A","#N/A","#N/A","#N/A",false,"#N/A",Customer - Direct,"#N/A",www.grandhotels.com,false,"#N/A"
b81819d4-3066-491f-ac9d-2e00c7763844,"#N/A",A,"#N/A","#N/A",Toronto,Canada,"#N/A","#N/A","#N/A",L4B 1Y3,Ontario,150 Chestnut Street,false,"#N/A",false,"#N/A","#N/A",false,"#N/A","#N/A","#N/A","GBM is the worldwide leader in technology news and information on the Web and the producer of the longest-running and farthest-reaching television shows about technology. GBM's network of sites combines breakthrough interactive technology with engaging content and design and is consistently ranked as the Internet's leading content network in terms of both audience size and revenue, serving millions of users each day. The company's television programming is broadcast by the USA Network and the Sci-Fi Channel to more than 70 million households and is syndicated to broadcast television stations in the nation's top 120 markets, including the top 10 markets.","#N/A","#N/A","#N/A","#N/A","#N/A","#N/A",Media,"#N/A","#N/A",Global Media,"#N/A",14668,"#N/A","#N/A","#N/A","#N/A",(905) 555-1212,"#N/A","#N/A","#N/A","#N/A","#N/A",false,false,"#N/A","#N/A",false,true,"#N/A",Contract Based,"#N/A","#N/A",Toronto,Canada,"#N/A","#N/A","#N/A",L4B 1Y3,Ontario,150 Chestnut Street,"#N/A","#N/A","#N/A",A,"#N/A","#N/A","#N/A","#N/A","#N/A","#N/A","#N/A","#N/A","#N/A","#N/A",false,"#N/A",Prospect,"#N/A","#N/A",false,"#N/A"
c17c368b-b08c-4659-b2c0-c6da7142479b,"#N/A",A,"#N/A","#N/A","#N/A","#N/A","#N/A","#N/A","#N/A","#N/A","#N/A","#N/A",false,"#N/A",false,"#N/A","#N/A",false,"#N/A","#N/A","#N/A",hi,"#N/A","#N/A","#N/A","#N/A","#N/A","#N/A","#N/A","#N/A","#N/A",Test account new1,"#N/A","#N/A","#N/A","#N/A","#N/A","#N/A","#N/A","#N/A","#N/A","#N/A","#N/A","#N/A",false,false,"#N/A",Never,false,true,"#N/A",Contract Based,Same,No,"#N/A","#N/A","#N/A","#N/A","#N/A","#N/A","#N/A","#N/A","#N/A","#N/A","#N/A",A,"#N/A","#N/A",Test pvt ltd,"#N/A","#N/A","#N/A","#N/A","#N/A","#N/A","#N/A",false,"#N/A","#N/A","#N/A","#N/A",false,"#N/A"
c42366d1-6edd-446b-89e7-ecd43059f8e7,"#N/A",A,"#N/A","#N/A","#N/A","#N/A","#N/A","#N/A","#N/A","#N/A","#N/A","#N/A",false,"#N/A",false,"#N/A","#N/A",false,"#N/A","#N/A","#N/A","#N/A","#N/A","#N/A","#N/A","#N/A","#N/A","#N/A","#N/A","#N/A","#N/A",Asnaf Scratch Org test VC,"#N/A","#N/A","#N/A","#N/A","#N/A","#N/A","#N/A","#N/A","#N/A","#N/A","#N/A","#N/A",false,false,"#N/A",Never,false,true,"#N/A",Contract Based,Same,No,"#N/A","#N/A","#N/A","#N/A","#N/A","#N/A","#N/A","#N/A","#N/A","#N/A","#N/A",A,"#N/A","#N/A","#N/A","#N/A","#N/A","#N/A","#N/A","#N/A","#N/A","#N/A",false,"#N/A","#N/A","#N/A","#N/A",false,"#N/A"
c62c3d1b-03f5-498f-a4c0-5faa697f771b,"#N/A",A,"#N/A","#N/A","#N/A","#N/A","#N/A","#N/A","#N/A","#N/A","#N/A","#N/A",false,"#N/A",false,"#N/A","#N/A",false,"#N/A","#N/A","#N/A","#N/A","#N/A","#N/A","#N/A","#N/A","#N/A","#N/A","#N/A","#N/A","#N/A",regression11.17,"#N/A","#N/A","#N/A","#N/A","#N/A","#N/A","#N/A","#N/A","#N/A","#N/A","#N/A","#N/A",false,false,"#N/A",Never,false,true,"#N/A",Contract Based,Same,No,"#N/A","#N/A","#N/A","#N/A","#N/A","#N/A","#N/A","#N/A","#N/A","#N/A","#N/A",A,"#N/A","#N/A","#N/A","#N/A","#N/A","#N/A","#N/A","#N/A","#N/A","#N/A",false,"#N/A","#N/A","#N/A","#N/A",false,"#N/A"
cdb84b71-a610-44a6-ba30-cbed20a92575,"#N/A",A,"#N/A","#N/A","#N/A","#N/A","#N/A","#N/A","#N/A","#N/A","#N/A","#N/A",false,"#N/A",false,"#N/A","#N/A",false,"#N/A","#N/A","#N/A","#N/A","#N/A","#N/A","#N/A","#N/A","#N/A","#N/A",Banking,"#N/A","#N/A",Account_DBdzw,"#N/A",884,"#N/A","#N/A","#N/A","#N/A",9829898799,"#N/A","#N/A","#N/A","#N/A","#N/A",false,false,"#N/A",Never,false,true,"#N/A",Contract Based,Same,No,"#N/A","#N/A","#N/A","#N/A","#N/A","#N/A","#N/A","#N/A","#N/A","#N/A","#N/A",A,"#N/A","#N/A","#N/A","#N/A","#N/A","#N/A","#N/A","#N/A","#N/A","#N/A",false,"#N/A","#N/A","#N/A",uuqtd.salesforce.com,false,"#N/A"
d76235f3-076d-4b91-841f-7463f43e348e,"#N/A",A,"#N/A","#N/A","#N/A","#N/A","#N/A","#N/A","#N/A","#N/A","#N/A","#N/A",false,"#N/A",false,"#N/A","#N/A",false,"#N/A","#N/A","#N/A","#N/A","#N/A","#N/A","#N/A","#N/A","#N/A","#N/A","#N/A","#N/A","#N/A",MYacc,"#N/A","#N/A","#N/A","#N/A","#N/A","#N/A","#N/A","#N/A","#N/A","#N/A","#N/A","#N/A",false,false,"#N/A",Never,false,false,"#N/A","#N/A",Same,No,"#N/A","#N/A","#N/A","#N/A","#N/A","#N/A","#N/A","#N/A","#N/A","#N/A","#N/A",A,"#N/A","#N/A","#N/A","#N/A","#N/A","#N/A","#N/A","#N/A","#N/A","#N/A",false,"#N/A","#N/A","#N/A","#N/A",false,"#N/A"
d7b0930b-57fe-4629-8bbf-6f0d04f672dc,"#N/A",A,"#N/A",1.39E8,Austin,"#N/A","#N/A","#N/A","#N/A","#N/A",TX,"312 Constitution Place
Austin, TX 78767
USA",false,"#N/A",false,"#N/A","#N/A",false,"#N/A","#N/A","#N/A","Edge, founded in 1998, is a start-up based in Austin, TX. The company designs and manufactures a device to convert music from one digital format to another. Edge sells its product through retailers and its own website.","#N/A","#N/A",(512) 757-9000,"#N/A","#N/A","#N/A",Electronics,"#N/A",Not Started,Edge Communications,"#N/A",1000,"#N/A","#N/A","#N/A","#N/A",(512) 757-6000,"#N/A","#N/A","#N/A","#N/A","#N/A",false,false,"#N/A",Never,false,true,"#N/A",Contract Based,Same,No,"#N/A","#N/A","#N/A","#N/A","#N/A","#N/A","#N/A","312 Constitution Place
Austin, TX 78767
USA","#N/A","#N/A","#N/A",A,"#N/A","#N/A","#N/A","#N/A","#N/A","#N/A","#N/A","#N/A","#N/A","#N/A",false,"#N/A",Customer - Direct,"#N/A",http://edgecomm.com,false,"#N/A"
d93ede83-0fc2-4504-8c7b-431dba63562f,"#N/A",A,"#N/A","#N/A",Singapore,"#N/A","#N/A","#N/A","#N/A","#N/A",Singapore,"9 Tagore Lane
Singapore, Singapore 787472
Singapore",false,"#N/A",false,"#N/A","#N/A",false,"#N/A","#N/A","#N/A","#N/A","#N/A","#N/A",(650) 450-8820,"#N/A","#N/A","#N/A",Energy,"#N/A",Not Started,"United Oil & Gas, Singapore","#N/A",3000,"#N/A","#N/A","#N/A","#N/A",(650) 450-8810,"#N/A","#N/A","#N/A","#N/A","#N/A",false,false,"#N/A",Never,false,true,"#N/A",Contract Based,Same,No,"#N/A","#N/A","#N/A","#N/A","#N/A","#N/A","#N/A","9 Tagore Lane
Singapore, Singapore 787472
Singapore","#N/A","#N/A","#N/A",A,"#N/A","#N/A","#N/A","#N/A","#N/A","#N/A","#N/A","#N/A","#N/A","#N/A",false,"#N/A",Customer - Direct,"#N/A",http://www.uos.com,false,"#N/A"
dc4a771a-2e43-4658-a7e4-974b9544f5a1,"#N/A",A,"#N/A","#N/A","#N/A","#N/A","#N/A","#N/A","#N/A","#N/A","#N/A","#N/A",false,"#N/A",false,"#N/A","#N/A",false,"#N/A","#N/A","#N/A","#N/A","#N/A","#N/A","#N/A","#N/A","#N/A","#N/A","#N/A","#N/A","#N/A",Account X,"#N/A","#N/A","#N/A","#N/A","#N/A","#N/A","#N/A","#N/A","#N/A","#N/A","#N/A","#N/A",false,false,"#N/A",Never,false,true,"#N/A","#N/A",Same,No,"#N/A","#N/A","#N/A","#N/A","#N/A","#N/A","#N/A","#N/A","#N/A","#N/A","#N/A",A,"#N/A","#N/A","#N/A","#N/A","#N/A","#N/A","#N/A","#N/A","#N/A","#N/A",false,"#N/A","#N/A","#N/A","#N/A",false,"#N/A"
dd9814fb-d583-4c52-9a89-12ba490bd157,"#N/A",A,"#N/A","#N/A","#N/A","#N/A","#N/A","#N/A","#N/A","#N/A","#N/A","#N/A",false,"#N/A",false,"#N/A","#N/A",false,"#N/A","#N/A","#N/A",hi,"#N/A","#N/A","#N/A","#N/A","#N/A","#N/A","#N/A","#N/A","#N/A",Test account new1,"#N/A","#N/A","#N/A","#N/A","#N/A","#N/A","#N/A","#N/A","#N/A","#N/A","#N/A","#N/A",false,false,"#N/A",Never,false,true,"#N/A","#N/A",Same,No,"#N/A","#N/A","#N/A","#N/A","#N/A","#N/A","#N/A","#N/A","#N/A","#N/A","#N/A",A,"#N/A","#N/A",Test pvt ltd,"#N/A","#N/A","#N/A","#N/A","#N/A","#N/A","#N/A",false,"#N/A","#N/A","#N/A","#N/A",false,"#N/A"
ddaabdd3-f573-4b6f-b0cb-a82f46921c95,"#N/A",A,"#N/A","#N/A","#N/A","#N/A","#N/A","#N/A","#N/A","#N/A","#N/A","#N/A",false,"#N/A",false,"#N/A","#N/A",false,"#N/A","#N/A","#N/A","#N/A","#N/A","#N/A","#N/A","#N/A","#N/A","#N/A",Banking,"#N/A","#N/A",Account_SdkXL,"#N/A",594,"#N/A","#N/A","#N/A","#N/A",4876716269,"#N/A","#N/A","#N/A","#N/A","#N/A",false,false,"#N/A",Never,false,true,"#N/A",Contract Based,Same,No,"#N/A","#N/A","#N/A","#N/A","#N/A","#N/A","#N/A","#N/A","#N/A","#N/A","#N/A",A,"#N/A","#N/A","#N/A","#N/A","#N/A","#N/A","#N/A","#N/A","#N/A","#N/A",false,"#N/A","#N/A","#N/A",npssl.salesforce.com,false,"#N/A"
e89f1ce9-f728-41c5-b91f-5d23d9058b78,"#N/A",A,"#N/A","#N/A","#N/A","#N/A","#N/A","#N/A","#N/A","#N/A","#N/A","#N/A",false,"#N/A",false,"#N/A","#N/A",false,"#N/A","#N/A","#N/A","#N/A","#N/A","#N/A","#N/A","#N/A","#N/A","#N/A","#N/A","#N/A",Not Started,12.8 VEID Test,"#N/A","#N/A","#N/A","#N/A","#N/A","#N/A","#N/A","#N/A","#N/A","#N/A","#N/A","#N/A",false,false,"#N/A",Never,false,true,"#N/A",Contract Based,Same,No,"#N/A","#N/A","#N/A","#N/A","#N/A","#N/A","#N/A","#N/A","#N/A","#N/A","#N/A",A,"#N/A","#N/A","#N/A","#N/A","#N/A","#N/A","#N/A","#N/A","#N/A","#N/A",false,"#N/A","#N/A","#N/A","#N/A",false,"#N/A"
edfbe46b-80f2-4d09-a4a2-0fadca6bffbc,"#N/A",A,"#N/A","#N/A",Toronto,Canada,"#N/A","#N/A","#N/A",L4B 1Y3,Ontario,150 Chestnut Street,false,"#N/A",false,"#N/A","#N/A",false,"#N/A","#N/A","#N/A","GBM is the worldwide leader in technology news and information on the Web and the producer of the longest-running and farthest-reaching television shows about technology. GBM's network of sites combines breakthrough interactive technology with engaging content and design and is consistently ranked as the Internet's leading content network in terms of both audience size and revenue, serving millions of users each day. The company's television programming is broadcast by the USA Network and the Sci-Fi Channel to more than 70 million households and is syndicated to broadcast television stations in the nation's top 120 markets, including the top 10 markets.","#N/A","#N/A","#N/A","#N/A","#N/A","#N/A",Media,"#N/A","#N/A",Global Media,"#N/A",14668,"#N/A","#N/A","#N/A","#N/A",(905) 555-1212,"#N/A","#N/A","#N/A","#N/A","#N/A",false,false,"#N/A","#N/A",false,false,"#N/A","#N/A","#N/A","#N/A",Toronto,Canada,"#N/A","#N/A","#N/A",L4B 1Y3,Ontario,150 Chestnut Street,"#N/A","#N/A","#N/A",A,"#N/A","#N/A","#N/A","#N/A","#N/A","#N/A","#N/A","#N/A","#N/A","#N/A",false,"#N/A",Prospect,"#N/A","#N/A",false,"#N/A"
f3024119-cfe3-4704-9b6b-0b53942ee2c6,"#N/A",A,"#N/A","#N/A","#N/A","#N/A","#N/A","#N/A","#N/A","#N/A","#N/A","#N/A",false,"#N/A",false,"#N/A","#N/A",false,"#N/A","#N/A","#N/A","#N/A","#N/A","#N/A","#N/A","#N/A","#N/A","#N/A","#N/A","#N/A","#N/A",vc_test_EDITED,"#N/A","#N/A","#N/A","#N/A","#N/A","#N/A","#N/A","#N/A","#N/A","#N/A","#N/A","#N/A",false,false,"#N/A",Never,false,true,"#N/A",Contract Based,Same,No,"#N/A","#N/A","#N/A","#N/A","#N/A","#N/A","#N/A","#N/A","#N/A","#N/A","#N/A",A,"#N/A","#N/A","#N/A","#N/A","#N/A","#N/A","#N/A","#N/A","#N/A","#N/A",false,"#N/A","#N/A","#N/A","#N/A",false,"#N/A"
f68b95e8-d88a-4cb0-bbda-5c1387ca1469,"#N/A",A,"#N/A",1.0E8,New York,USA,"#N/A","#N/A","#N/A",31349,NY,10 Main Rd.,false,"#N/A",false,"#N/A","#N/A",false,"#N/A","#N/A","#N/A","#N/A","#N/A","#N/A",(212) 555-5555,"#N/A","#N/A","#N/A",Manufacturing,"#N/A","#N/A",Acme,"#N/A",680,"#N/A","#N/A","#N/A","#N/A",(212) 555-5555,"#N/A","#N/A","#N/A","#N/A","#N/A",false,false,"#N/A","#N/A",false,true,"#N/A",Contract Based,"#N/A","#N/A",New York,USA,"#N/A","#N/A","#N/A",31349,NY,10 Main Rd.,"#N/A","#N/A","#N/A",A,"#N/A","#N/A","#N/A","#N/A","#N/A","#N/A","#N/A","#N/A","#N/A","#N/A",false,"#N/A",Prospect,"#N/A","#N/A",false,"#N/A"
